{
  "2025082206": [
    0.438858,
    0.188749,
    0.185822,
    0.186571
  ],
  "2025082207": [
    0.424934,
    0.194057,
    0.190058,
    0.190951
  ]
}