{
  "2025082206": [
    0.438858,
    0.188749,
    0.185822,
    0.186571
  ],
  "2025082207": [
    0.41791,
    0.196401,
    0.192248,
    0.19344
  ]
}